fecha,Reservas Internacionales,Compra de Divisas,OOII,Otras Operaciones del Sector Público,Efectivo Mínimo,Otros (incl. pases pasivos en USD con el exterior)
2025-11-05,19806.2,21803.4,9059.3,-26794.5,6249.1,9488.9
2025-11-04,19592.6,21803.4,9091.0,-26794.3,6072.3,9420.2
2025-11-03,19575.6,21803.4,9098.2,-26794.2,6033.4,9434.8
2025-10-31,18172.3,21803.4,9098.2,-26759.1,4593.2,9436.6
2025-10-30,19284.3,21803.4,9116.6,-26773.5,5541.3,9596.6
2025-10-29,19554.7,21803.4,9119.7,-26772.7,5981.4,9422.9
2025-10-28,19561.9,21803.4,9119.7,-26771.9,6028.8,9381.9
2025-10-27,19850.2,21803.4,9104.0,-26778.9,6395.2,9326.4
2025-10-24,20005.8,21803.4,9105.3,-26757.4,6379.5,9475.1
2025-10-23,19779.6,21803.4,9105.3,-26757.4,6150.2,9478.1
2025-10-22,19361.0,21803.4,9108.3,-26757.1,5860.4,9346.1
2025-10-21,19330.7,21803.4,9108.3,-26757.1,5884.1,9292.1
2025-10-20,20106.8,21848.9,9108.0,-26739.5,6261.3,9628.2
2025-10-17,19960.8,21848.9,9108.0,-26700.7,6282.7,9421.9
2025-10-16,20500.3,21848.9,9138.7,-26699.9,6642.9,9569.8
2025-10-15,20531.6,21848.9,9140.1,-26699.8,6712.0,9530.4
2025-10-14,20694.8,21848.9,9364.2,-26683.5,6714.1,9451.1
2025-10-13,21048.9,21848.9,9364.2,-26679.5,7019.0,9496.4
2025-10-09,20847.3,21848.9,9364.2,-26679.5,6972.1,9341.6
2025-10-08,20857.6,21848.9,9364.2,-26671.2,6876.7,9439.0
2025-10-07,21013.1,21848.9,9364.2,-26319.1,6755.3,9363.8
2025-10-06,21420.0,21848.9,9364.2,-26039.1,6949.8,9296.2
2025-10-03,21492.2,21848.9,9368.2,-25552.1,6584.9,9242.2
2025-10-02,21120.8,21848.9,9368.2,-25313.8,6022.0,9195.4
2025-10-01,21020.3,21848.9,9268.6,-25208.0,5795.6,9315.2
2025-09-30,19164.3,21848.9,9299.4,-24695.3,3325.1,9386.2
2025-09-29,19909.2,21848.9,9330.3,-24626.8,3930.3,9426.5
2025-09-26,19990.2,21848.9,9492.2,-24998.3,4276.6,9370.9
2025-09-25,18145.4,21848.9,9531.9,-26301.3,3797.4,9268.6
2025-09-24,17822.5,21848.9,9528.0,-26562.5,3774.5,9233.7
2025-09-23,17967.7,21848.9,9528.0,-26543.5,3774.7,9359.7
2025-09-22,17906.9,21848.9,9528.0,-26628.2,3752.5,9405.7
2025-09-19,18054.5,21848.9,9512.1,-26612.2,3964.3,9341.3
2025-09-18,18199.6,22527.1,9512.1,-26612.2,3544.5,9228.1
2025-09-17,18571.8,22917.0,9512.1,-26593.2,3464.6,9271.3
2025-09-16,18670.1,22959.0,9512.1,-26615.0,3518.7,9295.3
2025-09-15,18639.1,22959.0,9512.0,-26614.9,3508.2,9274.7
2025-09-12,19104.1,22959.0,9930.8,-26604.6,3587.9,9231.0
2025-09-11,19156.0,22959.0,9930.8,-26604.6,3650.4,9220.4
2025-09-10,19195.1,22959.0,9930.8,-26604.6,3709.1,9200.7
2025-09-09,19301.6,22959.0,9930.8,-26604.4,3798.3,9217.8
2025-09-08,19341.6,22959.0,9930.8,-26577.7,3775.7,9253.7
2025-09-05,19322.0,22959.0,9917.3,-26542.3,3766.8,9221.2
2025-09-04,19169.0,22959.0,9917.2,-26257.3,3749.8,8800.2
2025-09-03,19531.6,22959.0,9903.0,-26198.9,3737.9,9130.6
2025-09-02,19553.9,22959.0,9903.0,-26233.1,3856.0,9069.0
2025-09-01,18816.6,22959.0,9943.0,-26035.0,2903.0,9046.5
2025-08-29,18776.9,22959.0,9943.0,-26018.5,2871.7,9021.6
2025-08-28,19754.0,22959.0,9940.9,-25995.1,3801.5,9047.7
2025-08-27,20046.0,22959.0,9940.5,-26032.8,4235.8,8943.5
2025-08-26,19975.0,22959.0,9941.0,-26006.3,4149.8,8931.4
2025-08-25,20235.7,22959.0,9941.0,-25956.8,4384.9,8907.5
2025-08-22,20295.4,22959.0,9945.2,-25967.2,4489.0,8869.4
2025-08-21,20275.9,22959.0,9945.2,-25942.4,4559.7,8754.3
2025-08-20,20482.3,22959.0,9954.0,-25824.7,4585.9,8808.1
2025-08-19,20496.1,22959.0,9954.0,-25800.7,4643.3,8740.5
2025-08-18,20548.0,22959.0,9954.0,-25822.1,4702.6,8754.5
2025-08-14,20698.3,22959.0,9954.0,-25768.6,4756.8,8797.1
2025-08-13,20842.8,22959.0,10009.1,-25761.5,4809.0,8827.1
2025-08-12,20781.9,22959.0,9987.2,-25758.2,4828.2,8765.6
2025-08-11,20781.9,22959.0,9986.4,-25726.0,4815.9,8746.7
2025-08-08,20906.7,22959.0,9995.7,-23695.1,4828.8,6818.3
2025-08-07,20473.6,22959.0,9948.3,-23695.1,4854.2,6407.1
2025-08-06,20933.5,22959.0,10000.1,-23695.1,4888.4,6781.0
2025-08-05,21511.1,22959.0,10707.8,-23682.7,4716.4,6810.6
2025-08-04,21829.5,22959.0,10708.9,-23682.7,5015.9,6828.4
2025-08-01,19824.9,22959.0,8640.2,-23680.0,5108.5,6797.1
2025-07-31,17656.7,22959.0,8640.2,-23680.0,3057.8,6679.6
2025-07-30,19556.0,22959.0,8705.5,-23680.0,4853.5,6717.9
2025-07-29,20035.8,22959.0,8705.5,-23651.0,5245.0,6777.2
2025-07-28,18936.8,22959.0,7508.0,-23650.1,5379.7,6740.2
2025-07-25,19073.9,22959.0,7508.0,-23672.2,5530.6,6748.4
2025-07-24,19222.4,22959.0,7508.0,-23672.2,5610.4,6817.1
2025-07-23,19149.1,22959.0,7507.1,-23702.2,5541.2,6843.9
2025-07-22,19369.2,22959.0,7507.1,-23715.6,5700.9,6917.7
2025-07-21,19443.0,22959.0,7507.1,-23715.5,5766.8,6925.6
2025-07-18,19183.9,22959.0,7507.7,-23741.1,5604.8,6853.5
2025-07-17,18626.6,22959.0,7507.7,-24368.5,5705.8,6822.5
2025-07-16,18344.5,22959.0,7507.7,-24408.5,5414.8,6871.4
2025-07-15,17851.3,22959.0,7507.7,-24454.7,5071.1,6768.1
2025-07-14,17937.4,22959.0,7573.9,-24626.5,5159.3,6871.7
2025-07-11,17850.4,22959.0,7574.4,-24675.7,5117.0,6875.7
2025-07-10,17511.3,22959.0,7574.4,-24675.7,5004.9,6648.8
2025-07-08,17918.0,22959.0,7574.4,-23022.3,3712.1,6694.8
2025-07-07,20512.1,22959.0,7574.4,-20467.6,3735.2,6711.1
2025-07-04,20537.5,22959.0,7574.4,-20457.0,3714.0,6747.1
2025-07-03,20528.7,22959.0,7574.4,-20457.0,3727.7,6724.6
2025-07-02,20449.0,22959.0,7574.4,-20657.0,3792.4,6780.2
2025-07-01,20476.3,22959.0,7574.4,-20657.0,3759.0,6840.8
2025-06-30,18763.3,22959.0,7589.6,-20657.0,2048.6,6823.0
2025-06-27,20250.8,22959.0,7591.7,-20656.3,3426.1,6930.3
2025-06-26,20345.6,22959.0,7591.7,-20742.4,3512.7,7024.6
2025-06-25,20207.9,22959.0,7591.6,-20766.8,3462.9,6961.3
2025-06-24,20002.6,22959.0,7591.6,-20762.1,3227.6,6986.5
2025-06-23,19685.0,22959.0,7594.2,-20756.9,3021.9,6866.7
2025-06-19,18972.9,22959.0,7594.2,-21360.1,3094.5,6685.3
2025-06-18,18943.6,22959.0,7538.8,-21358.0,3126.9,6676.8
2025-06-17,19190.1,22959.0,7541.2,-21326.9,3094.7,6922.2
2025-06-13,19255.3,22959.0,7539.6,-21325.9,3098.8,6983.7
2025-06-12,17297.2,22959.0,7641.3,-21308.4,3098.8,4906.5
2025-06-11,17323.5,22959.0,7641.3,-21307.4,3125.2,4905.3
2025-06-10,17390.2,22959.0,7641.0,-21307.4,3222.4,4875.1
2025-06-09,17394.7,22959.0,7541.4,-21284.3,3273.4,4905.2
2025-06-06,17429.8,22959.0,7541.4,-21278.9,3442.4,4765.9
2025-06-05,17548.9,22959.0,7546.4,-21278.9,3484.8,4837.5
2025-06-04,17609.2,22959.0,7546.4,-21278.9,3492.3,4890.4
2025-06-03,16558.1,22959.0,7547.4,-22278.4,3569.1,4761.1
2025-06-02,16583.7,22959.0,7547.4,-22278.4,3496.6,4859.1
2025-05-30,15709.9,22959.0,7599.0,-22275.6,2471.0,4956.3
2025-05-29,17156.8,22959.0,7528.9,-22249.0,3872.2,5045.6
2025-05-28,17234.9,22959.0,7528.9,-22249.0,4017.7,4978.3
2025-05-27,17171.9,22959.0,7528.7,-22246.4,4002.1,4928.5
2025-05-26,17174.7,22959.0,7530.2,-22234.6,3882.8,5037.3
2025-05-23,17218.2,22959.0,7530.2,-22233.0,3901.9,5060.1
2025-05-22,16887.8,22959.0,7395.2,-22233.0,3843.0,4923.5
2025-05-21,16966.7,22959.0,7395.2,-22232.7,3783.9,5061.3
2025-05-20,17058.0,22959.0,7395.2,-22232.6,3938.1,4998.2
2025-05-19,17090.7,22959.0,7413.1,-22232.6,4018.0,4933.3
2025-05-16,17128.9,22959.0,7430.3,-22227.0,4079.4,4887.1
2025-05-15,17137.0,22959.0,7430.3,-22227.0,4024.6,4950.0
2025-05-14,17355.7,22959.0,7711.5,-22209.0,3996.5,4897.7
2025-05-13,17442.0,22959.0,7711.5,-22208.4,3964.5,5015.5
2025-05-12,16869.4,22959.0,7209.5,-22208.4,4037.3,4872.1
2025-05-09,16913.8,22959.0,7209.3,-22203.7,4011.8,4937.4
2025-05-08,16826.1,22959.0,7209.3,-22203.7,4006.9,4854.6
2025-05-07,17049.1,22959.0,7209.3,-22202.4,4135.1,4948.0
2025-05-06,17332.8,22959.0,7278.0,-22202.4,4225.8,5072.4
2025-05-05,17766.8,22959.0,7928.7,-10200.6,4194.4,-7114.8
2025-04-30,17719.0,22959.0,7936.5,-10186.7,4242.7,-7232.6
2025-04-29,17881.8,22959.0,7939.7,-10184.9,3998.7,-6830.8
2025-04-28,18082.2,22959.0,7939.7,-10184.4,4192.8,-6825.0
2025-04-25,17958.6,22959.0,7939.7,-10163.6,4192.5,-6969.0
2025-04-24,17869.3,22959.0,7941.0,-10163.4,4031.7,-6899.0
2025-04-23,17421.4,22959.0,7941.0,-10163.4,3833.6,-7148.7
2025-04-22,17605.0,22959.0,7940.8,-10163.3,3826.8,-6958.3
2025-04-21,17581.6,22959.0,7945.5,-10158.5,3548.3,-6712.7
2025-04-16,17406.3,22959.0,7945.5,-10133.5,3553.2,-6917.9
2025-04-15,15567.5,22959.0,6480.4,-10101.4,3424.2,-7194.7
2025-04-14,3011.4,22959.0,-5714.9,-10084.6,3108.9,-7257.1
2025-04-11,3495.2,23357.0,-5714.8,-10080.7,2851.0,-6917.4
2025-04-10,3563.4,23419.2,-5681.6,-10080.4,2903.1,-6996.9
2025-04-09,3570.9,23584.2,-5681.6,-10080.4,2882.3,-7133.7
2025-04-08,3468.0,23644.2,-5681.7,-10080.4,2626.3,-7040.5
2025-04-07,3628.7,23679.2,-5681.7,-10080.4,2655.1,-6943.6
2025-04-04,3938.4,23710.6,-5677.6,-10080.3,2699.3,-6713.5
2025-04-03,4095.8,23720.6,-5679.6,-10080.3,2694.9,-6559.8
2025-04-01,4240.4,23667.7,-5679.7,-10070.0,2761.8,-6439.5
2025-03-31,3777.1,23810.5,-5654.6,-10070.0,1956.7,-6265.6
2025-03-28,4568.0,24002.3,-5585.5,-9972.4,2241.3,-6117.8
2025-03-27,5014.1,24085.8,-5585.5,-9849.6,2495.1,-6131.7
2025-03-26,5041.8,24133.9,-5585.5,-9806.4,2523.7,-6224.0
2025-03-25,5232.9,24242.8,-5545.4,-9788.0,2536.5,-6213.1
2025-03-21,5419.1,24438.3,-5542.5,-9787.3,2589.9,-6279.3
2025-03-20,5575.5,24515.3,-5542.6,-9780.1,2624.4,-6241.5
2025-03-19,5836.5,24701.6,-5542.6,-9766.0,2593.5,-6150.0
2025-03-18,5999.0,24916.2,-5542.6,-9766.0,2496.8,-6105.4
2025-03-17,6128.3,24972.2,-5542.7,-9744.0,2599.1,-6156.3
2025-03-14,6881.3,25445.8,-5217.6,-9711.5,2578.3,-6213.7
2025-03-13,6894.7,25395.5,-5217.6,-9709.1,2637.1,-6211.3
2025-03-12,6751.0,25315.7,-5217.6,-9708.8,2609.6,-6248.0
2025-03-11,6477.2,25047.4,-5217.6,-9708.7,2620.4,-6264.3
2025-03-10,6523.1,25011.4,-5217.6,-9707.5,2824.8,-6388.1
2025-03-07,6880.7,25234.9,-5214.2,-9698.1,2846.2,-6288.1
2025-03-06,6972.1,25066.4,-5214.2,-9698.1,2934.2,-6116.1
2025-03-05,6781.5,24821.2,-5214.2,-9697.3,2934.8,-6063.0
2025-02-28,6908.0,25170.7,-5214.3,-9697.3,2966.2,-6317.3
2025-02-27,7376.7,25147.9,-5175.1,-9692.3,3152.4,-6056.3
2025-02-26,7504.5,25037.4,-5174.6,-9688.3,3279.3,-5949.4
2025-02-25,7475.8,24881.3,-5176.6,-9688.2,3377.5,-5918.2
2025-02-24,7393.6,24752.3,-5176.6,-9687.9,3294.3,-5788.5
2025-02-21,7286.1,24632.3,-5172.3,-9686.9,3303.8,-5790.8
2025-02-20,7368.8,24549.3,-5164.2,-9619.2,3378.8,-5775.9
2025-02-19,7153.2,24402.2,-5164.2,-9619.2,3334.7,-5800.3
2025-02-18,7195.7,24231.2,-5164.2,-9598.9,3383.1,-5655.5
2025-02-17,7538.2,24246.2,-5065.6,-9595.5,3613.2,-5660.1
2025-02-14,7591.9,24209.2,-5065.6,-9595.3,3708.2,-5664.6
2025-02-13,7684.8,24205.7,-5065.6,-9590.7,3811.8,-5676.3
2025-02-12,7715.4,24205.8,-5065.7,-9590.7,3910.4,-5744.4
2025-02-11,7689.0,24036.4,-5065.7,-9586.3,4129.2,-5824.6
2025-02-10,7729.0,23963.2,-5065.7,-9586.3,4150.6,-5732.8
2025-02-07,7679.8,23823.7,-5016.1,-9583.5,4232.1,-5776.5
2025-02-06,7534.0,23497.4,-5016.1,-9583.5,4383.7,-5747.7
2025-02-05,8145.1,23410.9,-4367.8,-9566.5,4271.0,-5602.6
2025-02-04,8218.1,23401.9,-4366.6,-9565.3,4375.1,-5627.0
2025-02-03,8244.1,23384.9,-4366.6,-9562.9,4407.3,-5618.6
2025-01-31,7100.5,23222.4,-4366.6,-9562.9,3388.3,-5580.7
2025-01-30,8219.8,23154.9,-4299.1,-9562.9,4331.2,-5404.3
2025-01-29,8438.5,23172.9,-4297.4,-9534.1,4548.5,-5451.4
2025-01-28,8592.3,23069.9,-4297.4,-9533.4,4775.7,-5422.6
2025-01-27,8625.0,23033.9,-4297.4,-9533.4,4896.3,-5474.4
2025-01-24,8760.4,23037.4,-4294.7,-9528.6,4883.4,-5337.2
2025-01-23,8629.2,23037.4,-4294.7,-9528.5,4861.9,-5446.9
2025-01-22,8930.5,23119.4,-4294.7,-9373.8,4917.8,-5438.3
2025-01-21,9072.6,23154.4,-4294.7,-9373.8,5010.2,-5423.6
2025-01-20,9384.2,23154.5,-4294.1,-9370.0,5297.0,-5403.2
2025-01-17,9309.0,23066.5,-4294.1,-9370.0,5397.5,-5490.8
2025-01-16,9497.3,22934.5,-4294.1,-9370.0,5623.4,-5396.5
2025-01-15,9414.3,22855.3,-4294.1,-9332.4,5521.8,-5336.3
2025-01-14,9494.6,22687.8,-4228.2,-9234.5,5549.6,-5280.0
2025-01-13,9625.6,22513.8,-4228.2,-9233.8,5770.4,-5196.6
2025-01-10,9828.4,22346.8,-4227.9,-9233.8,5973.7,-5030.4
2025-01-09,9694.5,22112.7,-4227.9,-9232.6,6096.6,-5054.3
2025-01-08,9966.6,21975.7,-4227.9,-7533.5,4797.2,-5044.9
2025-01-07,11694.1,21942.7,-4227.9,-5944.1,4931.8,-5008.5
2025-01-06,11595.7,21835.7,-4227.9,-5920.9,4939.2,-5030.5
2025-01-03,11564.3,21809.3,-4227.9,-5909.5,4943.7,-5051.3
2025-01-02,10496.6,21637.4,-4227.9,-5909.5,4956.5,-5959.8
2024-12-30,8430.9,21605.9,-4209.9,-5909.5,2799.6,-5855.2
2024-12-27,10314.4,21631.3,-4207.8,-5900.6,4579.2,-5787.7
2024-12-26,11203.9,22229.8,-4207.8,-5897.1,4790.7,-5711.7
2024-12-23,11478.8,22409.1,-4215.8,-5892.6,4867.1,-5689.1
2024-12-20,11655.2,22284.4,-4215.8,-5986.9,5150.8,-5577.3
2024-12-19,11033.5,22067.3,-4436.0,-5980.9,4966.6,-5583.5
2024-12-18,11045.6,22035.3,-4583.0,-5978.4,4606.4,-5034.6
2024-12-17,11048.1,21883.9,-4580.7,-5934.0,4672.0,-4993.0
2024-12-16,10535.2,21876.3,-4915.5,-5980.7,4692.1,-5137.0
2024-12-13,10727.7,21842.3,-4818.3,-5963.5,4789.5,-5122.4
2024-12-12,10639.2,21674.7,-4993.0,-5964.0,4940.1,-5018.5
2024-12-11,10778.8,21508.2,-5049.8,-5963.1,5238.4,-4954.8
2024-12-10,10409.4,21343.4,-5250.0,-5963.1,5271.0,-4991.9
2024-12-09,10302.7,21180.5,-5250.0,-5938.8,5397.4,-5086.4
2024-12-06,10321.9,20941.2,-5250.0,-5933.5,5748.7,-5184.5
2024-12-05,10324.3,20868.2,-5250.0,-5933.5,5807.5,-5167.9
2024-12-04,10056.9,20697.1,-5250.0,-5933.5,5724.0,-5180.7
2024-12-03,10030.9,20683.6,-5248.9,-5933.5,5727.7,-5198.0
2024-12-02,10104.8,20735.1,-5248.9,-5933.5,5726.3,-5174.2
2024-11-29,9004.8,20906.1,-5212.4,-5892.0,4105.8,-4902.6
2024-11-28,10427.4,20895.1,-5210.8,-5884.8,5528.2,-4900.3
2024-11-27,10274.7,20668.1,-5210.8,-5884.8,5611.0,-4908.8
2024-11-26,9718.4,20646.1,-5864.8,-5871.8,5775.3,-4966.5
2024-11-25,9669.6,20588.6,-5864.8,-5870.1,5768.0,-4952.1
2024-11-22,9665.2,20582.0,-5864.8,-5867.9,5639.6,-4823.8
2024-11-21,9635.2,20567.0,-5864.8,-5867.9,5668.8,-4867.9
2024-11-20,9284.4,20516.2,-5864.8,-5867.5,5398.8,-4898.3
2024-11-19,9065.0,20382.1,-5846.5,-5867.5,5254.8,-4857.9
2024-11-15,8668.3,20233.2,-5846.5,-5861.6,5094.1,-4951.0
2024-11-14,8984.0,20100.0,-5554.6,-5842.8,5284.4,-5003.0
2024-11-13,8813.5,19855.0,-5554.8,-5842.3,5339.1,-4983.5
2024-11-12,8752.7,19772.5,-5554.8,-5842.2,5381.1,-5004.0
2024-11-11,8649.5,19773.0,-5555.0,-5839.7,5169.6,-4898.3
2024-11-08,8629.0,19643.8,-5555.0,-5839.7,5064.1,-4684.2
2024-11-07,8458.3,19450.0,-5555.0,-5838.2,4944.2,-4542.6
2024-11-05,9222.4,19379.0,-4734.1,-5836.9,4795.0,-4380.6
2024-11-04,8972.3,19349.2,-4695.8,-5835.0,4541.4,-4387.6
2024-11-01,8393.5,19297.3,-4686.6,-5827.1,4073.1,-4463.2
2024-10-31,7408.7,19278.8,-4736.4,-5827.1,3109.2,-4415.9
2024-10-30,8653.6,19121.0,-4706.8,-5820.8,4017.9,-3957.7
2024-10-29,8460.1,18928.5,-4703.3,-5820.0,4064.3,-4009.4
2024-10-28,8158.4,18858.2,-4705.3,-5819.3,3877.6,-4052.7
2024-10-25,7953.8,18821.4,-4715.3,-5802.9,3701.2,-4050.7
2024-10-24,7847.4,18766.1,-4714.0,-5802.9,3634.7,-4036.5
2024-10-23,7302.0,18726.1,-4714.0,-5802.9,3188.7,-4095.9
2024-10-22,7206.2,18552.6,-4714.0,-5802.9,3190.4,-4019.8
2024-10-21,7104.6,18529.4,-4714.0,-5802.9,3142.6,-4050.6
2024-10-18,7278.7,18528.9,-4710.7,-5775.0,3231.9,-3996.5
2024-10-17,7064.2,18413.6,-4707.0,-5739.5,3176.9,-4079.8
2024-10-16,7085.0,18400.4,-4675.3,-5739.5,3190.2,-4090.9
2024-10-15,7061.4,18389.3,-4675.3,-5739.3,3168.1,-4081.4
2024-10-14,7492.7,18389.3,-4492.0,-5723.6,3290.0,-3971.0
2024-10-10,7423.2,18319.3,-4492.0,-5719.8,3335.3,-4019.6
2024-10-09,7137.0,18199.2,-4492.1,-5719.6,3231.8,-4082.3
2024-10-08,7178.8,18160.2,-4492.1,-5719.6,3233.0,-4002.7
2024-10-07,7347.3,18159.4,-4492.1,-5719.6,3223.2,-3823.5
2024-10-04,7103.7,18106.9,-4487.9,-5719.6,3028.6,-3824.3
2024-10-03,8021.7,17996.7,-4489.4,-4663.8,2960.3,-3782.1
2024-10-02,7929.0,17891.2,-4489.4,-4660.9,2980.6,-3792.5
2024-10-01,7251.5,17769.1,-4486.5,-4660.9,2401.1,-3771.3
2024-09-30,5963.0,17652.5,-4459.5,-4660.9,1196.3,-3765.4
2024-09-27,7964.8,17578.0,-4293.7,-4562.6,2827.9,-3584.9
2024-09-26,7954.4,17598.0,-4293.7,-4608.6,2804.6,-3545.9
2024-09-25,7624.4,17628.0,-4252.1,-4608.6,2490.4,-3633.3
2024-09-24,7031.4,17436.9,-4252.1,-4591.3,2052.9,-3615.1
2024-09-23,6133.9,17416.4,-4252.1,-4590.7,1291.5,-3731.1
2024-09-20,6054.9,17352.2,-4253.4,-4582.8,1288.9,-3750.1
2024-09-19,5919.6,17318.6,-4253.4,-4566.5,1298.5,-3877.7
2024-09-18,5801.4,17283.9,-4253.4,-4566.5,1262.3,-3925.0
2024-09-17,5699.8,17214.1,-4238.7,-4545.9,1276.1,-4005.8
2024-09-16,5731.2,17203.1,-4238.7,-4524.3,1272.4,-3981.3
2024-09-13,6210.5,17292.0,-3893.3,-4511.9,1235.0,-3911.2
2024-09-12,6107.0,17366.0,-3893.3,-4510.4,1207.9,-4063.2
2024-09-11,6010.2,17345.0,-3893.3,-4510.4,1190.2,-4121.3
2024-09-10,6034.3,17375.5,-3893.3,-4509.2,1198.6,-4137.3
2024-09-09,6190.3,17540.4,-3893.3,-4509.2,1157.0,-4104.6
2024-09-06,6254.8,17541.4,-3889.9,-4499.2,1154.7,-4052.2
2024-09-05,6227.0,17449.8,-3889.9,-4498.2,1183.3,-4017.9
2024-09-04,6144.4,17455.4,-3889.9,-4497.9,1194.6,-4117.7
2024-09-03,6167.7,17462.4,-3889.9,-4493.2,1264.9,-4176.4
2024-09-02,5441.7,17397.4,-3850.1,-4493.2,463.5,-4075.9
2024-08-30,5509.4,17635.4,-3850.1,-4493.2,28.5,-3811.2
2024-08-29,6557.3,17635.3,-3843.6,-4485.8,1047.9,-3796.4
2024-08-28,6651.4,17481.7,-3844.2,-4485.6,1362.4,-3862.8
2024-08-27,6744.7,17557.2,-3844.8,-4485.4,1340.5,-3822.9
2024-08-26,6665.0,17557.1,-3844.3,-4485.4,1247.8,-3810.3
2024-08-23,6635.3,17556.6,-3839.8,-4478.7,1211.6,-3814.3
2024-08-22,6448.3,17545.6,-3839.8,-4478.5,1114.8,-3893.8
2024-08-21,6452.2,17464.1,-3839.8,-4477.6,1090.6,-3785.0
2024-08-20,6464.6,17414.0,-3830.3,-4407.5,1075.1,-3786.7
2024-08-19,6302.6,17326.3,-3830.3,-4406.2,1026.9,-3814.1
2024-08-16,6331.4,17325.6,-3833.6,-4385.3,1103.5,-3878.8
2024-08-15,6209.3,17296.6,-3833.4,-4384.4,1135.8,-4005.2
2024-08-14,6362.2,17263.5,-3731.4,-4380.3,1131.7,-3921.3
2024-08-13,6375.4,17261.0,-3731.4,-4378.2,1102.9,-3878.9
2024-08-12,6263.5,17226.0,-3731.4,-4378.2,1108.2,-3961.2
2024-08-09,6182.2,17223.0,-3731.4,-4371.6,1097.5,-4035.4
2024-08-08,6166.5,17179.7,-3721.9,-4370.4,1170.3,-4091.2
2024-08-07,6021.9,17132.3,-3721.9,-4370.4,1147.9,-4166.0
2024-08-06,6101.1,17115.8,-3653.0,-4370.4,1092.3,-4083.6
2024-08-05,6981.7,17140.1,-2868.1,-4352.9,1055.8,-3993.1
2024-08-02,6361.6,17164.6,-3514.4,-4350.4,1096.2,-4034.4
2024-08-01,5860.0,17019.4,-3514.4,-4350.4,889.4,-4184.0
2024-07-31,5192.4,17099.9,-3514.4,-4347.8,128.0,-4173.3
2024-07-30,5787.7,17163.4,-3445.6,-4341.4,515.4,-4104.1
2024-07-29,5923.1,17286.9,-3445.6,-4461.1,753.2,-4210.4
2024-07-26,6102.2,17378.4,-3445.6,-4451.1,809.1,-4188.7
2024-07-25,6121.2,17421.4,-3444.3,-4446.3,798.9,-4208.6
2024-07-24,6323.2,17422.3,-3444.3,-4285.0,782.2,-4152.0
2024-07-23,6227.4,17375.3,-3444.3,-4285.0,746.7,-4165.3
2024-07-22,6215.9,17320.8,-3444.3,-4285.0,809.1,-4184.7
2024-07-19,6355.6,17426.8,-3444.3,-4280.8,576.2,-3922.3
2024-07-18,6397.3,17489.0,-3443.6,-4256.1,540.2,-3932.3
2024-07-17,6373.8,17458.8,-3443.6,-4256.1,478.1,-3863.5
2024-07-16,6413.7,17461.3,-3443.6,-4256.1,438.0,-3785.9
2024-07-15,6968.2,17425.3,-2797.3,-4228.8,421.1,-3852.1
2024-07-12,7072.5,17382.8,-2751.7,-4130.8,421.7,-3849.5
2024-07-11,7025.3,17332.7,-2752.1,-4130.0,411.3,-3836.5
2024-07-10,6888.9,17312.6,-2752.1,-4129.0,425.7,-3968.4
2024-07-08,7138.5,17271.7,-2752.1,-3163.0,-200.6,-4017.5
2024-07-05,8741.0,17277.7,-2752.1,-1535.1,-250.2,-3999.3
2024-07-04,8610.2,17256.1,-2751.1,-1523.8,-374.9,-3996.1
2024-07-03,8602.4,17251.2,-2751.1,-1523.8,-404.6,-3969.3
2024-07-02,8436.3,17249.2,-2751.1,-1523.8,-500.0,-4038.0
2024-07-01,8405.5,17199.6,-2751.1,-1523.6,-490.7,-4028.8
2024-06-28,7812.5,17237.6,-2730.6,-1508.0,-1136.5,-4050.1
2024-06-27,8537.6,17322.1,-2699.4,-1508.0,-570.1,-4007.1
2024-06-26,8677.2,17398.0,-2699.4,-1507.9,-464.5,-4049.0
2024-06-25,8573.7,17355.0,-2699.4,-1503.5,-598.6,-3979.7
2024-06-24,8506.3,17308.1,-2698.8,-1503.5,-683.5,-3916.0
2024-06-19,8736.8,17463.9,-2695.9,-1445.8,-712.5,-3872.8
2024-06-18,8749.7,17382.4,-2695.9,-1443.3,-654.9,-3838.6
2024-06-14,7963.1,17503.9,-3483.5,-1395.4,-805.7,-3856.2
2024-06-13,8067.4,17367.3,-3361.1,-1377.4,-654.6,-3906.9
2024-06-12,8058.4,17343.4,-3359.3,-1377.1,-729.9,-3818.6
2024-06-11,8003.2,17374.3,-3359.3,-1376.3,-726.5,-3909.0
2024-06-10,8028.1,17383.3,-3359.3,-1376.3,-745.6,-3874.1
2024-06-07,8090.6,17410.4,-3359.3,-1351.1,-712.5,-3897.0
2024-06-06,8206.2,17390.4,-3359.3,-1345.5,-721.2,-3758.3
2024-06-05,8158.7,17391.8,-3359.3,-1345.5,-736.8,-3791.6
2024-06-04,8079.3,17343.7,-3359.3,-1343.9,-753.5,-3807.7
2024-06-03,7924.3,17284.3,-3358.2,-1343.8,-877.3,-3780.7
2024-05-31,7454.6,17284.3,-3321.6,-1312.5,-1340.7,-3855.0
2024-05-30,7856.8,17336.3,-3321.6,-1508.8,-845.1,-3804.1
2024-05-29,7982.0,17298.4,-3321.6,-1479.4,-662.9,-3852.4
2024-05-28,7976.6,17203.9,-3321.6,-1479.4,-629.7,-3796.7
2024-05-27,7948.0,17148.3,-3320.0,-1462.5,-610.6,-3807.1
2024-05-24,7907.2,17159.3,-3320.0,-1460.9,-620.3,-3850.9
2024-05-23,7795.3,17042.3,-3320.0,-1458.6,-617.4,-3851.0
2024-05-22,7872.2,16983.5,-3320.0,-1458.6,-609.4,-3723.3
2024-05-21,7852.6,16925.0,-3320.0,-1458.6,-667.0,-3626.8
2024-05-20,7689.4,16736.4,-3332.1,-1458.3,-696.6,-3560.0
2024-05-17,7591.9,16610.9,-3295.9,-1450.3,-693.0,-3579.8
2024-05-16,7366.5,16472.3,-3295.9,-1450.1,-748.0,-3611.8
2024-05-15,7062.1,16209.3,-3295.9,-1450.1,-806.0,-3595.4
2024-05-14,7158.6,16104.2,-3037.5,-1430.6,-799.9,-3677.6
2024-05-13,7115.7,15962.5,-3037.5,-1430.0,-659.1,-3720.3
2024-05-10,7151.3,15860.7,-3037.5,-1429.0,-636.9,-3606.1
2024-05-09,6827.6,15633.9,-3037.5,-1428.3,-681.4,-3659.1
2024-05-08,6757.5,15574.9,-3037.5,-1428.3,-643.3,-3708.4
2024-05-07,6581.2,15343.8,-2969.8,-1426.8,-684.0,-3682.0
2024-05-06,6478.3,15124.4,-2950.9,-1426.7,-655.0,-3613.4
2024-05-03,7171.8,15059.6,-2108.4,-1425.2,-640.1,-3714.0
2024-05-02,6990.2,14915.5,-2108.4,-1423.7,-669.3,-3723.9
2024-04-30,6369.2,14752.7,-2108.3,-1423.7,-1073.8,-3777.7
2024-04-29,8659.4,14560.9,-177.9,-1421.5,-646.8,-3655.3
2024-04-26,8931.4,14653.1,-177.9,-1402.0,-429.3,-3712.5
2024-04-25,8886.9,14593.5,-177.9,-1402.0,-416.7,-3710.0
2024-04-24,8813.5,14536.2,-176.6,-1402.0,-401.2,-3742.9
2024-04-23,8690.0,14426.9,-176.6,-1402.0,-439.3,-3719.0
2024-04-22,8697.8,14301.0,-176.6,-1399.5,-307.0,-3720.2
2024-04-19,8640.9,13998.6,-173.5,-1364.6,-208.2,-3611.4
2024-04-18,8507.8,13998.1,-173.5,-1364.5,-316.1,-3636.2
2024-04-17,8261.8,13799.1,-169.5,-1345.3,-335.3,-3687.2
2024-04-16,8150.9,13601.6,-137.6,-1345.1,-287.8,-3680.2
2024-04-15,8030.5,13509.1,-135.8,-1345.0,-313.0,-3684.8
2024-04-12,8111.9,13397.7,45.9,-1327.1,-280.5,-3724.1
2024-04-11,7972.2,13205.0,46.0,-1323.2,-224.4,-3731.2
2024-04-10,7837.4,13070.7,45.8,-1323.0,-267.6,-3688.6
2024-04-09,7833.4,12961.0,45.8,-1320.0,-261.1,-3592.3
2024-04-08,7694.7,12719.2,45.8,-1320.0,-196.5,-3553.9
2024-04-05,7555.4,12439.2,50.1,-1320.0,-77.3,-3536.6
2024-04-04,7191.0,12119.9,50.1,-1319.9,-119.6,-3539.5
2024-04-03,6672.3,11652.1,52.5,-1319.9,-200.8,-3511.5
2024-03-27,5917.8,11407.6,49.5,-1313.3,-561.2,-3664.8
2024-03-26,6434.8,11378.6,146.1,-1283.0,-217.0,-3589.9
2024-03-25,7057.0,11301.5,188.2,-785.9,-114.3,-3532.4
2024-03-22,6815.8,11142.9,185.2,-730.3,-212.4,-3569.6
2024-03-21,6898.2,10962.5,185.2,-730.3,-121.2,-3398.0
2024-03-20,6832.0,10756.4,185.2,-730.3,4.4,-3383.6
2024-03-19,6769.5,10635.3,185.2,-713.4,-22.1,-3315.5
2024-03-18,6967.2,10708.3,185.2,-713.4,29.6,-3242.3
2024-03-15,6999.4,10641.7,185.2,-669.8,27.2,-3184.8
2024-03-14,7280.0,10413.0,520.2,-659.2,135.5,-3129.5
2024-03-13,7279.2,10281.5,521.3,-656.2,143.4,-3010.7
2024-03-12,7062.5,9984.8,521.3,-656.2,217.3,-3004.6
2024-03-11,7086.4,9895.3,521.3,-656.2,245.2,-2919.2
2024-03-08,7012.0,9624.1,522.9,-646.2,369.2,-2857.9
2024-03-07,6840.2,9459.2,526.3,-646.2,365.4,-2864.5
2024-03-06,6644.9,9204.9,526.3,-646.2,415.4,-2855.5
2024-03-05,6545.4,8980.4,526.3,-645.3,528.6,-2844.5
2024-03-04,6432.2,8896.8,526.3,-645.1,471.7,-2817.5
2024-03-01,6125.1,8594.3,526.3,-640.2,470.0,-2825.3
2024-02-29,5481.1,8525.9,564.3,-636.5,-143.0,-2829.7
2024-02-28,6387.9,8667.4,564.3,-636.2,595.4,-2802.9
2024-02-27,6348.8,8563.0,564.3,-636.0,608.3,-2750.7
2024-02-26,6280.3,8421.3,564.8,-636.0,635.5,-2705.3
2024-02-23,6275.3,8348.3,569.3,-635.8,611.9,-2618.5
2024-02-22,6137.5,8230.3,569.3,-635.8,576.5,-2602.9
2024-02-21,5930.8,7945.3,569.3,-634.9,574.1,-2523.0
2024-02-20,5895.1,7827.3,578.9,-562.1,513.0,-2462.0
2024-02-19,5649.3,7687.2,578.9,-540.8,384.5,-2460.5
2024-02-16,5650.9,7594.0,578.9,-540.8,486.9,-2468.0
2024-02-15,5431.8,7319.2,579.1,-539.8,516.0,-2442.6
2024-02-14,5393.9,7193.6,681.7,-530.9,474.8,-2425.3
2024-02-09,5293.0,6938.1,681.7,-522.6,515.8,-2320.1
2024-02-08,5167.6,6770.9,691.3,-520.5,483.3,-2257.3
2024-02-07,5273.5,6672.3,761.3,-520.5,554.7,-2194.3
2024-02-06,5205.0,6597.2,761.3,-520.5,543.8,-2176.7
2024-02-05,5781.9,6430.4,1537.4,-497.8,553.5,-2241.6
2024-02-02,5806.3,6331.0,1538.6,-495.3,631.0,-2199.0
2024-02-01,5862.6,6252.6,1538.6,-494.4,681.7,-2115.9
2024-01-31,6432.3,6167.6,1538.6,472.0,338.4,-2084.3
2024-01-30,3895.7,6177.3,-1098.4,472.1,462.3,-2117.7
2024-01-29,3948.9,6010.3,-1098.4,502.9,659.4,-2125.3
2024-01-26,3797.3,5925.9,-1098.4,538.7,585.4,-2154.4
2024-01-25,3649.5,5809.3,-1095.5,540.4,548.0,-2152.8
2024-01-24,3639.0,5610.6,-1095.5,706.9,521.4,-2104.5
2024-01-23,3465.3,5447.1,-1095.6,706.9,536.1,-2129.1
2024-01-22,3278.3,5258.3,-1095.6,706.9,616.4,-2207.7
2024-01-19,3217.5,5125.7,-1095.6,710.6,678.3,-2201.5
2024-01-18,3091.1,5009.9,-1095.0,714.4,717.6,-2255.9
2024-01-17,2957.7,4838.1,-1095.0,714.4,767.3,-2267.2
2024-01-16,2762.6,4636.2,-1095.0,735.8,694.8,-2209.3
2024-01-15,2791.7,4412.9,-1059.1,835.8,707.9,-2105.9
2024-01-12,2770.3,4332.3,-1059.1,836.8,794.9,-2134.7
2024-01-11,2361.3,4032.0,-1059.1,837.6,748.0,-2197.1
2024-01-10,2202.0,3854.8,-1059.1,838.5,755.1,-2187.3
2024-01-09,2076.5,3728.3,-1059.1,838.6,741.1,-2172.3
2024-01-08,2024.0,3600.0,-1059.1,1426.9,402.9,-2346.8
2024-01-05,2909.6,3527.1,-1059.1,779.3,356.9,-694.7
2024-01-04,2625.8,3294.4,-1059.1,779.3,292.9,-681.8
2024-01-03,2468.1,3126.9,-1059.1,790.8,251.9,-642.3
2024-01-02,2261.1,2984.4,-1054.3,790.8,50.9,-510.6
2023-12-29,1863.8,2895.9,-1040.8,795.6,-342.1,-444.9
2023-12-28,1915.6,2626.3,-1040.8,799.7,-102.2,-367.4
2023-12-27,1553.6,2321.6,-1040.8,801.4,-156.1,-372.6
2023-12-26,1361.6,2116.8,-1040.8,803.2,-153.1,-364.5
2023-12-22,1371.8,1930.2,-1040.8,804.0,26.4,-348.1
2023-12-21,999.9,1596.9,-1040.8,809.5,-36.6,-329.2
2023-12-20,1548.6,1327.9,-122.1,864.5,-188.7,-333.0
2023-12-19,1453.9,1156.8,-119.7,864.5,-210.5,-237.2
2023-12-18,267.7,977.3,-119.7,-93.1,-284.0,-212.9
2023-12-15,242.1,762.1,-119.8,-44.8,-210.1,-145.3
2023-12-14,289.5,554.9,-2.0,-30.0,-149.1,-84.3
2023-12-13,-75.8,318.9,-2.0,-26.6,-95.0,-271.1
2023-12-12,-289.0,33.1,0.3,-26.5,-48.6,-247.3
2023-12-11,-191.8,23.9,0.3,-25.7,13.1,-203.5
